,index,name,country_y,LON,LAT,geometry_y,bidding_zone_y,NUTS_NAME,NUTS_ID
0,0,BE0 0,BE,4284668.0,50537872,POINT (4284668 50537872),BE,Région wallonne,BE3
1,1,BE0 1,BE,55329895.0,505278215,POINT (55329895 505278215),BE,Région wallonne,BE3
2,2,BE0 10,BE,4169011929.0,5073128592,POINT (4169011929 5073128592),BE,Vlaams Gewest,BE2
3,3,BE0 11,BE,4276085.0,51310857,POINT (4276085 51310857),BE,Vlaams Gewest,BE2
4,4,BE0 12,BE,4500275.0,50523032,POINT (4500275 50523032),BE,Région wallonne,BE3
5,5,BE0 13,BE,4530487.0,51106109,POINT (4530487 51106109),BE,Vlaams Gewest,BE2
6,6,BE0 14,BE,3765564.0,5112766,POINT (3765564 5112766),BE,Vlaams Gewest,BE2
7,7,BE0 15,BE,5567510768.0,5092821158,POINT (5567510768 5092821158),BE,Vlaams Gewest,BE2
8,8,BE0 16,BE,5048218.0,5024457,POINT (5048218 5024457),BE,Région wallonne,BE3
9,9,BE0 17,BE,4211884.0,51012027,POINT (4211884 51012027),BE,Vlaams Gewest,BE2
10,10,BE0 18,BE,5085297.0,51079371,POINT (5085297 51079371),BE,Vlaams Gewest,BE2
11,11,BE0 19,BE,562912.0,50042148,POINT (562912 50042148),BE,Région wallonne,BE3
12,12,BE0 2,BE,335289.0,506746005,POINT (335289 506746005),BE,Région wallonne,BE3
13,13,BE0 20,BE,5217133.0,50461001,POINT (5217133 50461001),BE,Région wallonne,BE3
14,14,BE0 21,BE,5718841333.0,5065376267,POINT (5718841333 5065376267),BE,Région wallonne,BE3
15,15,BE0 22,BE,4220123.0,50864911,POINT (4220123 50864911),BE,Vlaams Gewest,BE2
16,16,BE0 23,BE,5522003.0,50231395,POINT (5522003 50231395),BE,Région wallonne,BE3
17,17,BE0 24,BE,3573303.0,51016347,POINT (3573303 51016347),BE,Vlaams Gewest,BE2
18,18,BE0 25,BE,4603271.0,51209464,POINT (4603271 51209464),BE,Vlaams Gewest,BE2
19,19,BE0 26,BE,5394287.0,50499853,POINT (5394287 50499853),BE,Région wallonne,BE3
20,20,BE0 3,BE,4177551.0,51162122,POINT (4177551 51162122),BE,Vlaams Gewest,BE2
21,21,BE0 4,BE,4927368.0,51134555,POINT (4927368 51134555),BE,Vlaams Gewest,BE2
22,22,BE0 5,BE,3551331.0,51193976,POINT (3551331 51193976),BE,Vlaams Gewest,BE2
23,23,BE0 6,BE,5807647667.0,5034269867,POINT (5807647667 5034269867),BE,Région wallonne,BE3
24,24,BE0 7,BE,3271866.0,51236125,POINT (3271866 51236125),BE,Vlaams Gewest,BE2
25,25,BE0 8,BE,4836731.0,50495958,POINT (4836731 50495958),BE,Région wallonne,BE3
26,26,BE0 9,BE,5700531.0,49701337,POINT (5700531 49701337),BE,Région wallonne,BE3
27,27,CZ0 0,CZ,1399887067.0,4955319867,POINT (1399887067 4955319867),CZ,Česko,CZ0
28,28,CZ0 1,CZ,16351776.0,49432413,POINT (16351776 49432413),CZ,Česko,CZ0
29,29,CZ0 10,CZ,183955765.0,4972748325,POINT (183955765 4972748325),CZ,Česko,CZ0
30,30,CZ0 11,CZ,1325412257.0,4971442844,POINT (1325412257 4971442844),CZ,Česko,CZ0
31,31,CZ0 12,CZ,1673812521.0,4986157236,POINT (1673812521 4986157236),CZ,Česko,CZ0
32,32,CZ0 13,CZ,1747902151.0,4938605795,POINT (1747902151 4938605795),CZ,Česko,CZ0
33,33,CZ0 14,CZ,14458008.0,50591084,POINT (14458008 50591084),CZ,Česko,CZ0
34,34,CZ0 15,CZ,15639038.0,49402037,POINT (15639038 49402037),CZ,Česko,CZ0
35,35,CZ0 16,CZ,16789169.0,489914585,POINT (16789169 489914585),CZ,Česko,CZ0
36,36,CZ0 17,CZ,138887785.0,50465225,POINT (138887785 50465225),CZ,Česko,CZ0
37,37,CZ0 18,CZ,1523428015.0,5054520206,POINT (1523428015 5054520206),CZ,Česko,CZ0
38,38,CZ0 19,CZ,1470245947.0,4931884904,POINT (1470245947 4931884904),CZ,Česko,CZ0
39,39,CZ0 2,CZ,177223205.0,49839234,POINT (177223205 49839234),CZ,Česko,CZ0
40,40,CZ0 3,CZ,1348421442.0,5017046401,POINT (1348421442 5017046401),CZ,Česko,CZ0
41,41,CZ0 4,CZ,14835663.0,50083582,POINT (14835663 50083582),CZ,Česko,CZ0
42,42,CZ0 5,CZ,1559600833.0,5017147867,POINT (1559600833 5017147867),CZ,Česko,CZ0
43,43,CZ0 6,CZ,12794952.0,50159305,POINT (12794952 50159305),CZ,Česko,CZ0
44,44,CZ0 7,CZ,143028255.0,490948575,POINT (143028255 490948575),CZ,Česko,CZ0
45,45,CZ0 8,CZ,14372177.0,500072875,POINT (14372177 500072875),CZ,Česko,CZ0
46,46,CZ0 9,CZ,16162262.0,48995537,POINT (16162262 48995537),CZ,Česko,CZ0
47,47,DE0 0,DE,99570465.0,49767698,POINT (99570465 49767698),DE,Bayern,DE2
48,48,DE0 1,DE,7023010333.0,5158043333,POINT (7023010333 5158043333),DE,Nordrhein-Westfalen,DEA
49,49,DE0 10,DE,10469055.0,52192138,POINT (10469055 52192138),DE,Niedersachsen,DE9
50,50,DE0 100,DE,1351559314.0,5251871882,POINT (1351559314 5251871882),DE,Berlin,DE3
51,51,DE0 101,DE,121289065.0,53129313,POINT (121289065 53129313),DE,Brandenburg,DE4
52,52,DE0 102,DE,9019762452.0,5007652789,POINT (9019762452 5007652789),DE,Bayern,DE2
53,53,DE0 103,DE,8525848333.0,4920769233,POINT (8525848333 4920769233),DE,Baden-Württemberg,DE1
54,54,DE0 104,DE,11260986.0,48348948,POINT (11260986 48348948),DE,Bayern,DE2
55,55,DE0 105,DE,13035278.0,4867736,POINT (13035278 4867736),DE,Bayern,DE2
56,56,DE0 106,DE,6892689055.0,4936880068,POINT (6892689055 4936880068),DE,Saarland,DEC
57,57,DE0 107,DE,7546629394.0,5103749733,POINT (7546629394 5103749733),DE,Nordrhein-Westfalen,DEA
58,58,DE0 108,DE,7675323.0,51975576,POINT (7675323 51975576),DE,Nordrhein-Westfalen,DEA
59,59,DE0 109,DE,129906465.0,51839165,POINT (129906465 51839165),DE,Sachsen-Anhalt,DEE
60,60,DE0 11,DE,10347748.0,47742094,POINT (10347748 47742094),DE,Bayern,DE2
61,61,DE0 110,DE,12049255.0,49688955,POINT (12049255 49688955),DE,Bayern,DE2
62,62,DE0 111,DE,13599701.0,54113358,POINT (13599701 54113358),DE,Mecklenburg-Vorpommern,DE8
63,63,DE0 112,DE,79499815.0,48571558,POINT (79499815 48571558),DE,Baden-Württemberg,DE1
64,64,DE0 113,DE,8328323.0,524053095,POINT (8328323 524053095),DE,Niedersachsen,DE9
65,65,DE0 114,DE,1480957.0,51146617,POINT (1480957 51146617),DE,Sachsen,DED
66,66,DE0 115,DE,66638945.0,51590705,POINT (66638945 51590705),DE,Nordrhein-Westfalen,DEA
67,67,DE0 116,DE,9575485186.0,5124583803,POINT (9575485186 5124583803),DE,Hessen,DE7
68,68,DE0 117,DE,9672089.0,50543981,POINT (9672089 50543981),DE,Hessen,DE7
69,69,DE0 118,DE,10239258.0,52266052,POINT (10239258 52266052),DE,Niedersachsen,DE9
70,70,DE0 119,DE,8442095526.0,5319180001,POINT (8442095526 5319180001),DE,Niedersachsen,DE9
71,71,DE0 12,DE,7870325996.0,5171282843,POINT (7870325996 5171282843),DE,Nordrhein-Westfalen,DEA
72,72,DE0 120,DE,8825455.0,49956957,POINT (8825455 49956957),DE,Hessen,DE7
73,73,DE0 121,DE,8814697333.0,5137320467,POINT (8814697333 5137320467),DE,Hessen,DE7
74,74,DE0 122,DE,8243866.0,48763431,POINT (8243866 48763431),DE,Baden-Württemberg,DE1
75,75,DE0 123,DE,101877595.0,48558846,POINT (101877595 48558846),DE,Baden-Württemberg,DE1
76,76,DE0 124,DE,1102066.0,48441956,POINT (1102066 48441956),DE,Bayern,DE2
77,77,DE0 125,DE,7097168.0,50632042,POINT (7097168 50632042),DE,Nordrhein-Westfalen,DEA
78,78,DE0 126,DE,72166445.0,494109715,POINT (72166445 494109715),DE,Saarland,DEC
79,79,DE0 127,DE,7583313.0,513499145,POINT (7583313 513499145),DE,Nordrhein-Westfalen,DEA
80,80,DE0 128,DE,11637268.0,5227404,POINT (11637268 5227404),DE,Sachsen-Anhalt,DEE
81,81,DE0 129,DE,8747864.0,48516604,POINT (8747864 48516604),DE,Baden-Württemberg,DE1
82,82,DE0 13,DE,12964554.0,509051665,POINT (12964554 509051665),DE,Sachsen,DED
83,83,DE0 130,DE,7130127.0,51207744,POINT (7130127 51207744),DE,Nordrhein-Westfalen,DEA
84,84,DE0 131,DE,9001923.0,53468431,POINT (9001923 53468431),DE,Niedersachsen,DE9
85,85,DE0 132,DE,638957975.0,5118092065,POINT (638957975 5118092065),DE,Nordrhein-Westfalen,DEA
86,86,DE0 133,DE,6568451.0,50403266,POINT (6568451 50403266),DE,Nordrhein-Westfalen,DEA
87,87,DE0 134,DE,8554924439.0,4939270193,POINT (8554924439 4939270193),DE,Baden-Württemberg,DE1
88,88,DE0 135,DE,1005043.0,499171765,POINT (1005043 499171765),DE,Bayern,DE2
89,89,DE0 136,DE,8925018.0,48806863,POINT (8925018 48806863),DE,Baden-Württemberg,DE1
90,90,DE0 137,DE,12659683.0,510905785,POINT (12659683 510905785),DE,Sachsen,DED
91,91,DE0 138,DE,7193527333.0,51450672,POINT (7193527333 51450672),DE,Nordrhein-Westfalen,DEA
92,92,DE0 139,DE,9235839667.0,4850959433,POINT (9235839667 4850959433),DE,Baden-Württemberg,DE1
93,93,DE0 14,DE,6762543.0,51127935,POINT (6762543 51127935),DE,Nordrhein-Westfalen,DEA
94,94,DE0 140,DE,8853607.0,52491028,POINT (8853607 52491028),DE,Niedersachsen,DE9
95,95,DE0 141,DE,144195555.0,51663848,POINT (144195555 51663848),DE,Brandenburg,DE4
96,96,DE0 142,DE,10452118.0,48460173,POINT (10452118 48460173),DE,Bayern,DE2
97,97,DE0 143,DE,8691559.0,51707459,POINT (8691559 51707459),DE,Nordrhein-Westfalen,DEA
98,98,DE0 144,DE,9621734667.0,5357495333,POINT (9621734667 5357495333),DE,Niedersachsen,DE9
99,99,DE0 145,DE,9350739.0,49028864,POINT (9350739 49028864),DE,Baden-Württemberg,DE1
100,100,DE0 146,DE,9325223861.0,4876375242,POINT (9325223861 4876375242),DE,Baden-Württemberg,DE1
101,101,DE0 147,DE,10829773.0,4862837,POINT (10829773 4862837),DE,Bayern,DE2
102,102,DE0 148,DE,8544617.0,50209428,POINT (8544617 50209428),DE,Hessen,DE7
103,103,DE0 149,DE,8000793.0,5355581,POINT (8000793 5355581),DE,Niedersachsen,DE9
104,104,DE0 15,DE,13099823.0,5408076,POINT (13099823 5408076),DE,Mecklenburg-Vorpommern,DE8
105,105,DE0 150,DE,712738.0,52213497,POINT (712738 52213497),DE,Nordrhein-Westfalen,DEA
106,106,DE0 151,DE,1366441134.0,5257637646,POINT (1366441134 5257637646),DE,Brandenburg,DE4
107,107,DE0 152,DE,1103678561.0,4999407122,POINT (1103678561 4999407122),DE,Bayern,DE2
108,108,DE0 153,DE,6871630329.0,514928608,POINT (6871630329 514928608),DE,Nordrhein-Westfalen,DEA
109,109,DE0 154,DE,1145462.0,51606077,POINT (1145462 51606077),DE,Sachsen-Anhalt,DEE
110,110,DE0 155,DE,11597443.0,50895238,POINT (11597443 50895238),DE,Thüringen,DEG
111,111,DE0 156,DE,83166505.0,510447075,POINT (83166505 510447075),DE,Nordrhein-Westfalen,DEA
112,112,DE0 157,DE,10449371.0,53350466,POINT (10449371 53350466),DE,Niedersachsen,DE9
113,113,DE0 158,DE,85075375.0,499109345,POINT (85075375 499109345),DE,Hessen,DE7
114,114,DE0 159,DE,984375.0,48243882,POINT (984375 48243882),DE,Baden-Württemberg,DE1
115,115,DE0 16,DE,11022034.0,49629393,POINT (11022034 49629393),DE,Bayern,DE2
116,116,DE0 160,DE,12378845.0,536599835,POINT (12378845 536599835),DE,Mecklenburg-Vorpommern,DE8
117,117,DE0 161,DE,11215668.0,47528329,POINT (11215668 47528329),DE,Bayern,DE2
118,118,DE0 17,DE,7653493686.0,4942117317,POINT (7653493686 4942117317),DE,Rheinland-Pfalz,DEB
119,119,DE0 18,DE,727270868.0,5259950818,POINT (727270868 5259950818),DE,Niedersachsen,DE9
120,120,DE0 19,DE,9181473572.0,4887712079,POINT (9181473572 4887712079),DE,Baden-Württemberg,DE1
121,121,DE0 2,DE,1330719.0,52228641,POINT (1330719 52228641),DE,Brandenburg,DE4
122,122,DE0 20,DE,12858124.0,483626275,POINT (12858124 483626275),DE,Bayern,DE2
123,123,DE0 21,DE,10345001.0,51010299,POINT (10345001 51010299),DE,Thüringen,DEG
124,124,DE0 22,DE,7834644402.0,4759948732,POINT (7834644402 4759948732),DE,Baden-Württemberg,DE1
125,125,DE0 23,DE,11759491.0,52733797,POINT (11759491 52733797),DE,Sachsen-Anhalt,DEE
126,126,DE0 24,DE,87554165.0,50179935,POINT (87554165 50179935),DE,Hessen,DE7
127,127,DE0 25,DE,12123413.0,51518998,POINT (12123413 51518998),DE,Sachsen-Anhalt,DEE
128,128,DE0 26,DE,11182709.0,48078079,POINT (11182709 48078079),DE,Bayern,DE2
129,129,DE0 27,DE,1175502775.0,48388776,POINT (1175502775 48388776),DE,Bayern,DE2
130,130,DE0 28,DE,11178589.0,5021558,POINT (11178589 5021558),DE,Bayern,DE2
131,131,DE0 29,DE,143309785.0,512760075,POINT (143309785 512760075),DE,Sachsen,DED
132,132,DE0 3,DE,8981679047.0,5210925455,POINT (8981679047 5210925455),DE,Nordrhein-Westfalen,DEA
133,133,DE0 30,DE,8117274304.0,5035216392,POINT (8117274304 5035216392),DE,Hessen,DE7
134,134,DE0 31,DE,9080200333.0,5298322,POINT (9080200333 5298322),DE,Niedersachsen,DE9
135,135,DE0 32,DE,12031403.0,49350177,POINT (12031403 49350177),DE,Bayern,DE2
136,136,DE0 33,DE,9621277.0,5085971,POINT (9621277 5085971),DE,Hessen,DE7
137,137,DE0 34,DE,9758606.0,54306108,POINT (9758606 54306108),DE,Schleswig-Holstein,DEF
138,138,DE0 35,DE,6527939.0,4990430575,POINT (6527939 4990430575),DE,Rheinland-Pfalz,DEB
139,139,DE0 36,DE,8326263.0,49009952,POINT (8326263 49009952),DE,Baden-Württemberg,DE1
140,140,DE0 37,DE,10095062.0,48793295,POINT (10095062 48793295),DE,Baden-Württemberg,DE1
141,141,DE0 38,DE,1330453119.0,5256520779,POINT (1330453119 5256520779),DE,Berlin,DE3
142,142,DE0 39,DE,12271729.0,54068253,POINT (12271729 54068253),DE,Mecklenburg-Vorpommern,DE8
143,143,DE0 4,DE,8494072077.0,4795893701,POINT (8494072077 4795893701),DE,Baden-Württemberg,DE1
144,144,DE0 40,DE,11431961.0,4882268,POINT (11431961 4882268),DE,Bayern,DE2
145,145,DE0 41,DE,11722412.0,50582365,POINT (11722412 50582365),DE,Thüringen,DEG
146,146,DE0 42,DE,9191437.0,510879615,POINT (9191437 510879615),DE,Hessen,DE7
147,147,DE0 43,DE,73553465.0,51470671,POINT (73553465 51470671),DE,Nordrhein-Westfalen,DEA
148,148,DE0 44,DE,801387753.0,5091310695,POINT (801387753 5091310695),DE,Nordrhein-Westfalen,DEA
149,149,DE0 45,DE,10020905.0,52337856,POINT (10020905 52337856),DE,Niedersachsen,DE9
150,150,DE0 46,DE,6695022417.0,4937540226,POINT (6695022417 4937540226),DE,Saarland,DEC
151,151,DE0 47,DE,7033996667.0,5081689767,POINT (7033996667 5081689767),DE,Nordrhein-Westfalen,DEA
152,152,DE0 48,DE,1156024498.0,5358696921,POINT (1156024498 5358696921),DE,Mecklenburg-Vorpommern,DE8
153,153,DE0 49,DE,11635895.0,51994183,POINT (11635895 51994183),DE,Sachsen-Anhalt,DEE
154,154,DE0 5,DE,11840515.0,48869232,POINT (11840515 48869232),DE,Bayern,DE2
155,155,DE0 50,DE,9396057.0,48037692,POINT (9396057 48037692),DE,Baden-Württemberg,DE1
156,156,DE0 51,DE,1039444.0,53007347,POINT (1039444 53007347),DE,Niedersachsen,DE9
157,157,DE0 52,DE,8366680684.0,5003861271,POINT (8366680684 5003861271),DE,Hessen,DE7
158,158,DE0 53,DE,656982425.0,51359927,POINT (656982425 51359927),DE,Nordrhein-Westfalen,DEA
159,159,DE0 54,DE,6756918539.0,5088757137,POINT (6756918539 5088757137),DE,Nordrhein-Westfalen,DEA
160,160,DE0 55,DE,13808441.0,50952371,POINT (13808441 50952371),DE,Sachsen,DED
161,161,DE0 56,DE,7712402.0,48103763,POINT (7712402 48103763),DE,Baden-Württemberg,DE1
162,162,DE0 57,DE,10802307.0,49408293,POINT (10802307 49408293),DE,Bayern,DE2
163,163,DE0 58,DE,1406392838.0,5325859287,POINT (1406392838 5325859287),DE,Brandenburg,DE4
164,164,DE0 59,DE,86688995.0,52030081,POINT (86688995 52030081),DE,Nordrhein-Westfalen,DEA
165,165,DE0 6,DE,8476453623.0,4958282383,POINT (8476453623 4958282383),DE,Hessen,DE7
166,166,DE0 60,DE,7489499896.0,5032178314,POINT (7489499896 5032178314),DE,Rheinland-Pfalz,DEB
167,167,DE0 61,DE,11017914.0,51475396,POINT (11017914 51475396),DE,Sachsen-Anhalt,DEE
168,168,DE0 62,DE,107707215.0,481663275,POINT (107707215 481663275),DE,Bayern,DE2
169,169,DE0 63,DE,94338225.0,496937595,POINT (94338225 496937595),DE,Baden-Württemberg,DE1
170,170,DE0 64,DE,9404493143.0,5389182814,POINT (9404493143 5389182814),DE,Schleswig-Holstein,DEF
171,171,DE0 65,DE,14092026.0,54607454,POINT (14092026 54607454),DE,,
172,172,DE0 66,DE,64894865.0,50882648,POINT (64894865 50882648),DE,Nordrhein-Westfalen,DEA
173,173,DE0 67,DE,14440155.0,52114939,POINT (14440155 52114939),DE,Brandenburg,DE4
174,174,DE0 68,DE,8390808.0,53343173,POINT (8390808 53343173),DE,Niedersachsen,DE9
175,175,DE0 69,DE,109135435.0,522718885,POINT (109135435 522718885),DE,Niedersachsen,DE9
176,176,DE0 7,DE,11453247.0,50981776,POINT (11453247 50981776),DE,Thüringen,DEG
177,177,DE0 70,DE,1223259.0,48648788,POINT (1223259 48648788),DE,Bayern,DE2
178,178,DE0 71,DE,100634765.0,482411215,POINT (100634765 482411215),DE,Baden-Württemberg,DE1
179,179,DE0 72,DE,13914185.0,51894292,POINT (13914185 51894292),DE,Brandenburg,DE4
180,180,DE0 73,DE,8014526333.0,5233244933,POINT (8014526333 5233244933),DE,Niedersachsen,DE9
181,181,DE0 74,DE,11807556.0,51415482,POINT (11807556 51415482),DE,Sachsen-Anhalt,DEE
182,182,DE0 75,DE,12741394.0,48801436,POINT (12741394 48801436),DE,Bayern,DE2
183,183,DE0 76,DE,13447266.0,51299711,POINT (13447266 51299711),DE,Sachsen,DED
184,184,DE0 77,DE,11979218.0,47941187,POINT (11979218 47941187),DE,Bayern,DE2
185,185,DE0 78,DE,81772615.0,476783255,POINT (81772615 476783255),DE,Baden-Württemberg,DE1
186,186,DE0 79,DE,129288485.0,525792675,POINT (129288485 525792675),DE,Brandenburg,DE4
187,187,DE0 8,DE,9959793.0,53767766,POINT (9959793 53767766),DE,Schleswig-Holstein,DEF
188,188,DE0 80,DE,8594742.0,506599085,POINT (8594742 506599085),DE,Hessen,DE7
189,189,DE0 81,DE,1114563.0,5049159,POINT (1114563 5049159),DE,Thüringen,DEG
190,190,DE0 82,DE,12070541.0,508176225,POINT (12070541 508176225),DE,Thüringen,DEG
191,191,DE0 83,DE,93294525.0,54767812,POINT (93294525 54767812),DE,Schleswig-Holstein,DEF
192,192,DE0 84,DE,9486686543.0,4854771617,POINT (9486686543 4854771617),DE,Baden-Württemberg,DE1
193,193,DE0 85,DE,10252991.0,53568045,POINT (10252991 53568045),DE,Schleswig-Holstein,DEF
194,194,DE0 86,DE,9701892198.0,4764713039,POINT (9701892198 4764713039),DE,Baden-Württemberg,DE1
195,195,DE0 87,DE,9545746.0,49263324,POINT (9545746 49263324),DE,Baden-Württemberg,DE1
196,196,DE0 88,DE,9166718.0,52531261,POINT (9166718 52531261),DE,Niedersachsen,DE9
197,197,DE0 89,DE,69749455.0,51088414,POINT (69749455 51088414),DE,Nordrhein-Westfalen,DEA
198,198,DE0 9,DE,8121643.0,53300518,POINT (8121643 53300518),DE,Niedersachsen,DE9
199,199,DE0 90,DE,8860474.0,48244797,POINT (8860474 48244797),DE,Baden-Württemberg,DE1
200,200,DE0 91,DE,10784454.0,49957405,POINT (10784454 49957405),DE,Bayern,DE2
201,201,DE0 92,DE,7003784.0,50095036,POINT (7003784 50095036),DE,Rheinland-Pfalz,DEB
202,202,DE0 93,DE,9043682686.0,4912713867,POINT (9043682686 4912713867),DE,Baden-Württemberg,DE1
203,203,DE0 94,DE,12382965.0,51268789,POINT (12382965 51268789),DE,Sachsen,DED
204,204,DE0 95,DE,8293304333.0,5191367067,POINT (8293304333 5191367067),DE,Nordrhein-Westfalen,DEA
205,205,DE0 96,DE,77899935.0,49870245,POINT (77899935 49870245),DE,Rheinland-Pfalz,DEB
206,206,DE0 97,DE,11306305.0,49454735,POINT (11306305 49454735),DE,Bayern,DE2
207,207,DE0 98,DE,1178009.0,50271788,POINT (1178009 50271788),DE,Bayern,DE2
208,208,DE0 99,DE,9882202.0,53443899,POINT (9882202 53443899),DE,Hamburg,DE6
209,209,DK0 0,DK,9637756.0,56469318,POINT (9637756 56469318),DK1,Danmark,DK0
210,210,DK0 1,DK,9465397851.0,5550592355,POINT (9465397851 5550592355),DK1,Danmark,DK0
211,211,DK0 2,DK,103072355.0,553954865,POINT (103072355 553954865),DK1,Danmark,DK0
212,212,DK0 3,DK,9072418333.0,5535572167,POINT (9072418333 5535572167),DK1,Danmark,DK0
213,213,DK0 4,DK,1003736582.0,5705837184,POINT (1003736582 5705837184),DK1,Danmark,DK0
214,214,DK0 5,DK,101177215.0,561311205,POINT (101177215 561311205),DK1,Danmark,DK0
215,215,DK3 0,DK,12263832.0,5575715725,POINT (12263832 5575715725),DK2,Danmark,DK0
216,216,DK3 1,DK,11318665.0,55550388,POINT (11318665 55550388),DK2,Danmark,DK0
217,217,DK3 2,DK,1296821871.0,5502702517,POINT (1296821871 5502702517),DK2,,
218,218,DK3 3,DK,11961365.0,55446153,POINT (11961365 55446153),DK2,Danmark,DK0
219,219,FI3 0,FI,25207672.0,6395063,POINT (25207672 6395063),FI,Manner-Suomi,FI1
220,220,FI3 1,FI,2495853425.0,6037304225,POINT (2495853425 6037304225),FI,Manner-Suomi,FI1
221,221,FI3 10,FI,27766571.0,62262171,POINT (27766571 62262171),FI,Manner-Suomi,FI1
222,222,FI3 11,FI,23047943.0,63797649,POINT (23047943 63797649),FI,Manner-Suomi,FI1
223,223,FI3 12,FI,255658725.0,663495465,POINT (255658725 663495465),FI,Manner-Suomi,FI1
224,224,FI3 13,FI,26030731.0,62340686,POINT (26030731 62340686),FI,Manner-Suomi,FI1
225,225,FI3 14,FI,24285278.0,62977069,POINT (24285278 62977069),FI,Manner-Suomi,FI1
226,226,FI3 15,FI,259101562.0,650097488,POINT (259101562 650097488),FI,Manner-Suomi,FI1
227,227,FI3 16,FI,27917633.0,60894381,POINT (27917633 60894381),FI,Manner-Suomi,FI1
228,228,FI3 17,FI,22267227.0,62910296,POINT (22267227 62910296),FI,Manner-Suomi,FI1
229,229,FI3 18,FI,23578033.0,60830858,POINT (23578033 60830858),FI,Manner-Suomi,FI1
230,230,FI3 19,FI,2424408.0,64286335,POINT (2424408 64286335),FI,Manner-Suomi,FI1
231,231,FI3 2,FI,2676773033.0,6747887033,POINT (2676773033 6747887033),FI,Manner-Suomi,FI1
232,232,FI3 20,FI,2282135.0,61179667,POINT (2282135 61179667),FI,Manner-Suomi,FI1
233,233,FI3 21,FI,226853945.0,60442562,POINT (226853945 60442562),FI,Manner-Suomi,FI1
234,234,FI3 22,FI,26043091.0,6048603567,POINT (26043091 6048603567),FI,Manner-Suomi,FI1
235,235,FI3 23,FI,27203522.0,64102206,POINT (27203522 64102206),FI,Manner-Suomi,FI1
236,236,FI3 24,FI,27585297.0,63155595,POINT (27585297 63155595),FI,Manner-Suomi,FI1
237,237,FI3 25,FI,25085907.0,67498585,POINT (25085907 67498585),FI,Manner-Suomi,FI1
238,238,FI3 26,FI,250364685.0,613812855,POINT (250364685 613812855),FI,Manner-Suomi,FI1
239,239,FI3 27,FI,21603241.0,62184732,POINT (21603241 62184732),FI,Manner-Suomi,FI1
240,240,FI3 3,FI,2172592167.0,61274929,POINT (2172592167 61274929),FI,Manner-Suomi,FI1
241,241,FI3 4,FI,26995697.0,6103087067,POINT (26995697 6103087067),FI,Manner-Suomi,FI1
242,242,FI3 5,FI,26648712.0,646331845,POINT (26648712 646331845),FI,Manner-Suomi,FI1
243,243,FI3 6,FI,242427065.0,61427476,POINT (242427065 61427476),FI,Manner-Suomi,FI1
244,244,FI3 7,FI,24612122.0,65877531,POINT (24612122 65877531),FI,Manner-Suomi,FI1
245,245,FI3 8,FI,27029114.0,6633089,POINT (27029114 6633089),FI,Manner-Suomi,FI1
246,246,FI3 9,FI,24136505.0,6028018933,POINT (24136505 6028018933),FI,Manner-Suomi,FI1
247,247,GB4 0,UK,-6024430982.0,5467754777,POINT (-6024430982 5467754777),UK,Northern Ireland,UKN
248,248,GB4 1,UK,-5789795.0,547300265,POINT (-5789795 547300265),UK,Northern Ireland,UKN
249,249,GB4 2,UK,-6496674336.0,5459656972,POINT (-6496674336 5459656972),UK,Northern Ireland,UKN
250,250,GB5 0,UK,-4684296.0,5636525,POINT (-4684296 5636525),UK,Scotland,UKM
251,251,GB5 1,UK,-0.4246218,515858786,POINT (-0.4246218 515858786),UK,London,UKI
252,252,GB5 10,UK,-2332878.0,5342851175,POINT (-2332878 5342851175),UK,North West (England),UKD
253,253,GB5 100,UK,-0.11261,51423189,POINT (-0.11261 51423189),UK,London,UKI
254,254,GB5 101,UK,-1694183.0,52335618,POINT (-1694183 52335618),UK,West Midlands (England),UKG
255,255,GB5 102,UK,-327347383.0,561643714,POINT (-327347383 561643714),UK,Scotland,UKM
256,256,GB5 103,UK,-2290649.0,55032745,POINT (-2290649 55032745),UK,North East (England),UKC
257,257,GB5 104,UK,-302993232.0,5590938671,POINT (-302993232 5590938671),UK,Scotland,UKM
258,258,GB5 11,UK,-324234.0,55881474,POINT (-324234 55881474),UK,Scotland,UKM
259,259,GB5 12,UK,-0.8864595,531331115,POINT (-0.8864595 531331115),UK,East Midlands (England),UKF
260,260,GB5 13,UK,-4244843.0,50460127,POINT (-4244843 50460127),UK,South West (England),UKK
261,261,GB5 14,UK,0.267792,52708011,POINT (0.267792 52708011),UK,East of England,UKH
262,262,GB5 15,UK,-14872745.0,509190435,POINT (-14872745 509190435),UK,South East (England),UKJ
263,263,GB5 16,UK,-2966308667.0,51612895,POINT (-2966308667 51612895),UK,Wales,UKL
264,264,GB5 17,UK,-1425476.0,52445129,POINT (-1425476 52445129),UK,West Midlands (England),UKG
265,265,GB5 18,UK,1307373.0,52593038,POINT (1307373 52593038),UK,East of England,UKH
266,266,GB5 19,UK,-0.155182,51525834,POINT (-0.155182 51525834),UK,London,UKI
267,267,GB5 2,UK,-25460815.0,52652644,POINT (-25460815 52652644),UK,West Midlands (England),UKG
268,268,GB5 20,UK,-0.418167,51948074,POINT (-0.418167 51948074),UK,East of England,UKH
269,269,GB5 21,UK,-320217125.0,531023695,POINT (-320217125 531023695),UK,Wales,UKL
270,270,GB5 22,UK,-47605135.0,572309895,POINT (-47605135 572309895),UK,Scotland,UKM
271,271,GB5 23,UK,-1179657.0,5367652825,POINT (-1179657 5367652825),UK,Yorkshire and the Humber,UKE
272,272,GB5 24,UK,-4313114714.0,5576896186,POINT (-4313114714 5576896186),UK,Scotland,UKM
273,273,GB5 25,UK,-0.7113645,533189535,POINT (-0.7113645 533189535),UK,East Midlands (England),UKF
274,274,GB5 26,UK,-2033821077.0,5229529549,POINT (-2033821077 5229529549),UK,West Midlands (England),UKG
275,275,GB5 27,UK,-1785965.0,53750643,POINT (-1785965 53750643),UK,Yorkshire and the Humber,UKE
276,276,GB5 28,UK,-2971802.0,5493661,POINT (-2971802 5493661),UK,North West (England),UKD
277,277,GB5 29,UK,-0.196381,50948045,POINT (-0.196381 50948045),UK,South East (England),UKJ
278,278,GB5 3,UK,-0.284271333,5373743717,POINT (-0.284271333 5373743717),UK,Yorkshire and the Humber,UKE
279,279,GB5 30,UK,-1199569667.0,5462956217,POINT (-1199569667 5462956217),UK,North East (England),UKC
280,280,GB5 31,UK,-26909635.0,533402815,POINT (-26909635 533402815),UK,North West (England),UKD
281,281,GB5 32,UK,-0.118213587,5291252632,POINT (-0.118213587 5291252632),UK,East Midlands (England),UKF
282,282,GB5 33,UK,-2528229.0,50628558,POINT (-2528229 50628558),UK,South West (England),UKK
283,283,GB5 34,UK,-0.293884,52242938,POINT (-0.293884 52242938),UK,East of England,UKH
284,284,GB5 35,UK,-2051697.0,5160095833,POINT (-2051697 5160095833),UK,South West (England),UKK
285,285,GB5 36,UK,-1383216436.0,5336237211,POINT (-1383216436 5336237211),UK,Yorkshire and the Humber,UKE
286,286,GB5 37,UK,-3735547714.0,56044193,POINT (-3735547714 56044193),UK,Scotland,UKM
287,287,GB5 38,UK,-0.006554644,5178911525,POINT (-0.006554644 5178911525),UK,East of England,UKH
288,288,GB5 39,UK,0.7312775,5137906,POINT (0.7312775 5137906),UK,South East (England),UKJ
289,289,GB5 4,UK,-3613586667.0,5149616733,POINT (-3613586667 5149616733),UK,Wales,UKL
290,290,GB5 40,UK,-1053314.0,50900435,POINT (-1053314 50900435),UK,South East (England),UKJ
291,291,GB5 41,UK,-4077748902.0,5675781567,POINT (-4077748902 5675781567),UK,Scotland,UKM
292,292,GB5 42,UK,-2988281.0,56567806,POINT (-2988281 56567806),UK,Scotland,UKM
293,293,GB5 43,UK,-18039552.0,525484002,POINT (-18039552 525484002),UK,West Midlands (England),UKG
294,294,GB5 44,UK,-0.74295,52266477,POINT (-0.74295 52266477),UK,East Midlands (England),UKF
295,295,GB5 45,UK,-39365385.0,51699767,POINT (-39365385 51699767),UK,Wales,UKL
296,296,GB5 46,UK,-0.669163279,5363749937,POINT (-0.669163279 5363749937),UK,Yorkshire and the Humber,UKE
297,297,GB5 47,UK,-27774815.0,53799392,POINT (-27774815 53799392),UK,North West (England),UKD
298,298,GB5 48,UK,-3886414.0,52860839,POINT (-3886414 52860839),UK,Wales,UKL
299,299,GB5 49,UK,-15270996.0,5504175,POINT (-15270996 5504175),UK,North East (England),UKC
300,300,GB5 5,UK,-2177619617.0,5735657806,POINT (-2177619617 5735657806),UK,Scotland,UKM
301,301,GB5 50,UK,-43341065.0,574371865,POINT (-43341065 574371865),UK,Scotland,UKM
302,302,GB5 51,UK,1024475.0,52041511,POINT (1024475 52041511),UK,East of England,UKH
303,303,GB5 52,UK,-2552948.0,515365125,POINT (-2552948 515365125),UK,South West (England),UKK
304,304,GB5 53,UK,-44673155.0,55453096,POINT (-44673155 55453096),UK,Scotland,UKM
305,305,GB5 54,UK,-327107304.0,5156462478,POINT (-327107304 5156462478),UK,Wales,UKL
306,306,GB5 55,UK,-193222.0,50805935,POINT (-193222 50805935),UK,South West (England),UKK
307,307,GB5 56,UK,-29841615.0,57472248,POINT (-29841615 57472248),UK,Scotland,UKM
308,308,GB5 57,UK,-2133636667.0,53233439,POINT (-2133636667 53233439),UK,North West (England),UKD
309,309,GB5 58,UK,-15930175.0,52790696,POINT (-15930175 52790696),UK,East Midlands (England),UKF
310,310,GB5 59,UK,-2276917.0,55677584,POINT (-2276917 55677584),UK,Scotland,UKM
311,311,GB5 6,UK,-421875.0,53148418,POINT (-421875 53148418),UK,Wales,UKL
312,312,GB5 60,UK,-0.878906,51216347,POINT (-0.878906 51216347),UK,South East (England),UKJ
313,313,GB5 61,UK,-3863220333.0,5570908022,POINT (-3863220333 5570908022),UK,Scotland,UKM
314,314,GB5 62,UK,-4925995.0,50368241,POINT (-4925995 50368241),UK,South West (England),UKK
315,315,GB5 63,UK,0.431213,50870111,POINT (0.431213 50870111),UK,South East (England),UKJ
316,316,GB5 64,UK,-3851395.0,504942105,POINT (-3851395 504942105),UK,South West (England),UKK
317,317,GB5 65,UK,-497818.0,56415421,POINT (-497818 56415421),UK,Scotland,UKM
318,318,GB5 66,UK,0.041199,515885595,POINT (0.041199 515885595),UK,London,UKI
319,319,GB5 67,UK,-2980041667.0,53352665,POINT (-2980041667 53352665),UK,North West (England),UKD
320,320,GB5 68,UK,-2206525741.0,5247604242,POINT (-2206525741 5247604242),UK,West Midlands (England),UKG
321,321,GB5 69,UK,-4804687333.0,5578314133,POINT (-4804687333 5578314133),UK,Scotland,UKM
322,322,GB5 7,UK,-1876602.0,55048848,POINT (-1876602 55048848),UK,North East (England),UKC
323,323,GB5 70,UK,0.507431,515480345,POINT (0.507431 515480345),UK,East of England,UKH
324,324,GB5 71,UK,-0.300293,5133115367,POINT (-0.300293 5133115367),UK,South East (England),UKJ
325,325,GB5 72,UK,0.303497,52288323,POINT (0.303497 52288323),UK,East of England,UKH
326,326,GB5 73,UK,0.95958725,5114011125,POINT (0.95958725 5114011125),UK,South East (England),UKJ
327,327,GB5 74,UK,-31801985.0,5090426575,POINT (-31801985 5090426575),UK,South West (England),UKK
328,328,GB5 75,UK,-0.96817,51977216,POINT (-0.96817 51977216),UK,South East (England),UKJ
329,329,GB5 76,UK,-1117859.0,51324605,POINT (-1117859 51324605),UK,South East (England),UKJ
330,330,GB5 77,UK,-4850464.0,51728729,POINT (-4850464 51728729),UK,Wales,UKL
331,331,GB5 78,UK,-275722525.0,541057525,POINT (-275722525 541057525),UK,North West (England),UKD
332,332,GB5 79,UK,-4167938.0,51011163,POINT (-4167938 51011163),UK,South West (England),UKK
333,333,GB5 8,UK,0.575409,51430896,POINT (0.575409 51430896),UK,South East (England),UKJ
334,334,GB5 80,UK,-1533508333.0,5388125133,POINT (-1533508333 5388125133),UK,Yorkshire and the Humber,UKE
335,335,GB5 81,UK,-34991455.0,5525875,POINT (-34991455 5525875),UK,Scotland,UKM
336,336,GB5 82,UK,-2184906.0,5381849,POINT (-2184906 5381849),UK,North West (England),UKD
337,337,GB5 83,UK,-0.7124634,515025408,POINT (-0.7124634 515025408),UK,South East (England),UKJ
338,338,GB5 84,UK,-1167297.0,52532096,POINT (-1167297 52532096),UK,East Midlands (England),UKF
339,339,GB5 85,UK,-1510162333.0,54742274,POINT (-1510162333 54742274),UK,North East (England),UKC
340,340,GB5 86,UK,0.296356,51486798,POINT (0.296356 51486798),UK,East of England,UKH
341,341,GB5 87,UK,-11089325.0,529005985,POINT (-11089325 529005985),UK,East Midlands (England),UKF
342,342,GB5 88,UK,-2780914333.0,5352094767,POINT (-2780914333 5352094767),UK,North West (England),UKD
343,343,GB5 89,UK,0.107116667,51322001,POINT (0.107116667 51322001),UK,South East (England),UKJ
344,344,GB5 9,UK,-1238708333.0,5166938833,POINT (-1238708333 5166938833),UK,South East (England),UKJ
345,345,GB5 90,UK,-212654125.0,5350494275,POINT (-212654125 5350494275),UK,North West (England),UKD
346,346,GB5 91,UK,-2289276.0,51893444,POINT (-2289276 51893444),UK,South West (England),UKK
347,347,GB5 92,UK,-3217621.0,55060282,POINT (-3217621 55060282),UK,Scotland,UKM
348,348,GB5 93,UK,-1306.0,50847569,POINT (-1306 50847569),UK,,
349,349,GB5 94,UK,-0.060425,5159581933,POINT (-0.060425 5159581933),UK,London,UKI
350,350,GB5 95,UK,-0.1730345,535802725,POINT (-0.1730345 535802725),UK,Yorkshire and the Humber,UKE
351,351,GB5 96,UK,-1581246571.0,5337492471,POINT (-1581246571 5337492471),UK,Yorkshire and the Humber,UKE
352,352,GB5 97,UK,-0.96027375,5389226975,POINT (-0.96027375 5389226975),UK,Yorkshire and the Humber,UKE
353,353,GB5 98,UK,-4946594.0,55072864,POINT (-4946594 55072864),UK,Scotland,UKM
354,354,GB5 99,UK,-328868875.0,5179545,POINT (-328868875 5179545),UK,Wales,UKL
355,355,NL0 0,NL,4272308.0,5182814,POINT (4272308 5182814),NL,West-Nederland,NL3
356,356,NL0 1,NL,6498413.0,52996603,POINT (6498413 52996603),NL,Noord-Nederland,NL1
357,357,NL0 10,NL,466507.0,52490307,POINT (466507 52490307),NL,West-Nederland,NL3
358,358,NL0 11,NL,6020508.0,53216724,POINT (6020508 53216724),NL,Noord-Nederland,NL1
359,359,NL0 12,NL,4224243.0,51423189,POINT (4224243 51423189),NL,West-Nederland,NL3
360,360,NL0 13,NL,5462952.0,51422333,POINT (5462952 51422333),NL,Zuid-Nederland,NL4
361,361,NL0 14,NL,5671692.0,51908696,POINT (5671692 51908696),NL,Oost-Nederland,NL2
362,362,NL0 15,NL,6260834.0,52000101,POINT (6260834 52000101),NL,Oost-Nederland,NL2
363,363,NL0 16,NL,4519501.0,52033063,POINT (4519501 52033063),NL,West-Nederland,NL3
364,364,NL0 17,NL,6936493.0,53145947,POINT (6936493 53145947),NL,Noord-Nederland,NL1
365,365,NL0 18,NL,4308014.0,52017853,POINT (4308014 52017853),NL,West-Nederland,NL3
366,366,NL0 19,NL,4051208.0,51942572,POINT (4051208 51942572),NL,West-Nederland,NL3
367,367,NL0 2,NL,5918884.0,5164785,POINT (5918884 5164785),NL,Zuid-Nederland,NL4
368,368,NL0 20,NL,5859833.0,52976762,POINT (5859833 52976762),NL,Noord-Nederland,NL1
369,369,NL0 21,NL,6473694.0,53216724,POINT (6473694 53216724),NL,Noord-Nederland,NL1
370,370,NL0 22,NL,4887543.0,52434246,POINT (4887543 52434246),NL,West-Nederland,NL3
371,371,NL0 23,NL,4592285.0,51916321,POINT (4592285 51916321),NL,West-Nederland,NL3
372,372,NL0 24,NL,4833984.0,51704055,POINT (4833984 51704055),NL,Zuid-Nederland,NL4
373,373,NL0 25,NL,6991425.0,53279995,POINT (6991425 53279995),NL,Noord-Nederland,NL1
374,374,NL0 26,NL,5763702.0,52619725,POINT (5763702 52619725),NL,Oost-Nederland,NL2
375,375,NL0 27,NL,5141602.0,51589869,POINT (5141602 51589869),NL,Zuid-Nederland,NL4
376,376,NL0 28,NL,5879059.0,53176412,POINT (5879059 53176412),NL,Noord-Nederland,NL1
377,377,NL0 29,NL,4209137.0,51976422,POINT (4209137 51976422),NL,West-Nederland,NL3
378,378,NL0 3,NL,49617.0,52333661,POINT (49617 52333661),NL,West-Nederland,NL3
379,379,NL0 30,NL,683075.0,53437355,POINT (683075 53437355),NL,Noord-Nederland,NL1
380,380,NL0 31,NL,6777191.0,53425901,POINT (6777191 53425901),NL,Noord-Nederland,NL1
381,381,NL0 32,NL,4678802.0,52352119,POINT (4678802 52352119),NL,West-Nederland,NL3
382,382,NL0 33,NL,6133118.0,52502012,POINT (6133118 52502012),NL,Oost-Nederland,NL2
383,383,NL0 4,NL,6863708.0,53418536,POINT (6863708 53418536),NL,Noord-Nederland,NL1
384,384,NL0 5,NL,5535736.0,5257635,POINT (5535736 5257635),NL,Oost-Nederland,NL2
385,385,NL0 6,NL,4750214.0,51807766,POINT (4750214 51807766),NL,West-Nederland,NL3
386,386,NL0 7,NL,6734619.0,52245461,POINT (6734619 52245461),NL,Oost-Nederland,NL2
387,387,NL0 8,NL,5896912.0,51140586,POINT (5896912 51140586),NL,Zuid-Nederland,NL4
388,388,NL0 9,NL,6144104.0,5252207,POINT (6144104 5252207),NL,Oost-Nederland,NL2
389,389,NO3 0,NO,94121935.0,5921267625,POINT (94121935 5921267625),NO2,Norge,NO0
390,390,NO3 1,NO,13289337.0,65841586,POINT (13289337 65841586),NO4,Norge,NO0
391,391,NO3 10,NO,7675323667.0,5951247333,POINT (7675323667 5951247333),NO2,Norge,NO0
392,392,NO3 11,NO,8136063.0,6260367,POINT (8136063 6260367),NO3,Norge,NO0
393,393,NO3 12,NO,15803833.0,67443359,POINT (15803833 67443359),NO4,Norge,NO0
394,394,NO3 13,NO,10511856.0,60998248,POINT (10511856 60998248),NO1,Norge,NO0
395,395,NO3 14,NO,60582735.0,613422445,POINT (60582735 613422445),NO3,Norge,NO0
396,396,NO3 15,NO,6845856.0,62482512,POINT (6845856 62482512),NO3,Norge,NO0
397,397,NO3 16,NO,112946315.0,592327725,POINT (112946315 592327725),NO1,Norge,NO0
398,398,NO3 17,NO,8102417.0,582445,POINT (8102417 582445),NO2,Norge,NO0
399,399,NO3 18,NO,92010495.0,616800625,POINT (92010495 616800625),NO3,Norge,NO0
400,400,NO3 19,NO,60732422.0,605571786,POINT (60732422 605571786),NO5,Norge,NO0
401,401,NO3 2,NO,7989807.0,60571059,POINT (7989807 60571059),NO5,Norge,NO0
402,402,NO3 20,NO,11288452.0,60383326,POINT (11288452 60383326),NO1,Norge,NO0
403,403,NO3 21,NO,58818055.0,586701615,POINT (58818055 586701615),NO2,Norge,NO0
404,404,NO3 22,NO,8725891.0,6030208133,POINT (8725891 6030208133),NO5,Norge,NO0
405,405,NO3 23,NO,11522827.0,64070959,POINT (11522827 64070959),NO3,Norge,NO0
406,406,NO3 24,NO,52149352.0,60526491,POINT (52149352 60526491),NO5,Norge,NO0
407,407,NO3 25,NO,130435185.0,648619435,POINT (130435185 648619435),NO4,Norge,NO0
408,408,NO3 26,NO,105770875.0,59421564,POINT (105770875 59421564),NO1,,
409,409,NO3 27,NO,8782196.0,58576129,POINT (8782196 58576129),NO2,Norge,NO0
410,410,NO3 28,NO,9922028.0,59722485,POINT (9922028 59722485),NO1,Norge,NO0
411,411,NO3 29,NO,6908855625.0,5894314325,POINT (6908855625 5894314325),NO2,Norge,NO0
412,412,NO3 3,NO,59896085.0,598968485,POINT (59896085 598968485),NO2,Norge,NO0
413,413,NO3 30,NO,5417633.0,594635015,POINT (5417633 594635015),NO2,Norge,NO0
414,414,NO3 31,NO,101534275.0,602608755,POINT (101534275 602608755),NO1,Norge,NO0
415,415,NO3 32,NO,6200409.0,62198186,POINT (6200409 62198186),NO3,Norge,NO0
416,416,NO3 33,NO,11160736.0,60817468,POINT (11160736 60817468),NO1,Norge,NO0
417,417,NO3 34,NO,10287323.0,59887559,POINT (10287323 59887559),NO1,Norge,NO0
418,418,NO3 35,NO,11017914.0,6345726,POINT (11017914 6345726),NO3,Norge,NO0
419,419,NO3 36,NO,6743251286.0,5959318871,POINT (6743251286 5959318871),NO2,Norge,NO0
420,420,NO3 37,NO,1036834725.0,6364002975,POINT (1036834725 6364002975),NO3,Norge,NO0
421,421,NO3 38,NO,7032935716.0,6081985195,POINT (7032935716 6081985195),NO5,Norge,NO0
422,422,NO3 39,NO,1391922.0,6637802067,POINT (1391922 6637802067),NO4,Norge,NO0
423,423,NO3 4,NO,17288361.0,68158786,POINT (17288361 68158786),NO4,Norge,NO0
424,424,NO3 5,NO,9596557667.0,6325745133,POINT (9596557667 6325745133),NO3,Norge,NO0
425,425,NO3 6,NO,108304595.0,598404665,POINT (108304595 598404665),NO1,Norge,NO0
426,426,NO3 7,NO,67771915.0,5832749,POINT (67771915 5832749),NO2,Norge,NO0
427,427,NO3 8,NO,7377319.0,610960515,POINT (7377319 610960515),NO5,Norge,NO0
428,428,NO3 9,NO,11726532.0,63035662,POINT (11726532 63035662),NO3,Norge,NO0
429,429,PL0 0,PL,202701153.0,5225793229,POINT (202701153 5225793229),PL,Makroregion województwo mazowieckie,PL9
430,430,PL0 1,PL,1665993058.0,5403351867,POINT (1665993058 5403351867),PL,Makroregion północno-zachodni,PL4
431,431,PL0 10,PL,22472534.0,53938305,POINT (22472534 53938305),PL,Makroregion północny,PL6
432,432,PL0 11,PL,1530986309.0,5192865582,POINT (1530986309 5192865582),PL,Makroregion północno-zachodni,PL4
433,433,PL0 12,PL,1948997483.0,515212455,POINT (1948997483 515212455),PL,Makroregion centralny,PL7
434,434,PL0 13,PL,1927543585.0,4997221446,POINT (1927543585 4997221446),PL,Makroregion południowy,PL2
435,435,PL0 14,PL,21905365.0,49636509,POINT (21905365 49636509),PL,Makroregion wschodni,PL8
436,436,PL0 15,PL,1704437267.0,5105969933,POINT (1704437267 5105969933),PL,Makroregion południowo-zachodni,PL5
437,437,PL0 16,PL,20480347.0,5382443467,POINT (20480347 5382443467),PL,Makroregion północny,PL6
438,438,PL0 17,PL,2123474133.0,52258332,POINT (2123474133 52258332),PL,Makroregion województwo mazowieckie,PL9
439,439,PL0 18,PL,1698277568.0,5229786788,POINT (1698277568 5229786788),PL,Makroregion północno-zachodni,PL4
440,440,PL0 19,PL,2093170167.0,4993938467,POINT (2093170167 4993938467),PL,Makroregion południowy,PL2
441,441,PL0 2,PL,2004530869.0,4999353092,POINT (2004530869 4999353092),PL,Makroregion południowy,PL2
442,442,PL0 20,PL,1456192017.0,5346236683,POINT (1456192017 5346236683),PL,Makroregion północno-zachodni,PL4
443,443,PL0 21,PL,218559265.0,530577235,POINT (218559265 530577235),PL,Makroregion województwo mazowieckie,PL9
444,444,PL0 22,PL,222789.0,5209132,POINT (222789 5209132),PL,Makroregion województwo mazowieckie,PL9
445,445,PL0 23,PL,179159545.0,531611625,POINT (179159545 531611625),PL,Makroregion północny,PL6
446,446,PL0 24,PL,18257904.0,52201371,POINT (18257904 52201371),PL,Makroregion północno-zachodni,PL4
447,447,PL0 25,PL,23049316.0,53054422,POINT (23049316 53054422),PL,Makroregion wschodni,PL8
448,448,PL0 26,PL,20464325.0,50798978,POINT (20464325 50798978),PL,Makroregion centralny,PL7
449,449,PL0 27,PL,1881866433.0,51052458,POINT (1881866433 51052458),PL,Makroregion południowy,PL2
450,450,PL0 28,PL,1628311157.0,5105651514,POINT (1628311157 5105651514),PL,Makroregion południowo-zachodni,PL5
451,451,PL0 29,PL,1964904487.0,5252222716,POINT (1964904487 5252222716),PL,Makroregion województwo mazowieckie,PL9
452,452,PL0 3,PL,16473999.0,51827291,POINT (16473999 51827291),PL,Makroregion północno-zachodni,PL4
453,453,PL0 30,PL,2145492567.0,5059649267,POINT (2145492567 5059649267),PL,Makroregion centralny,PL7
454,454,PL0 31,PL,1846918982.0,5419966487,POINT (1846918982 5419966487),PL,Makroregion północny,PL6
455,455,PL0 32,PL,1786961713.0,5080961655,POINT (1786961713 5080961655),PL,Makroregion południowo-zachodni,PL5
456,456,PL0 33,PL,233006285.0,509249225,POINT (233006285 509249225),PL,Makroregion wschodni,PL8
457,457,PL0 34,PL,18657532.0,532601555,POINT (18657532 532601555),PL,Makroregion północny,PL6
458,458,PL0 35,PL,1929485993.0,5050119131,POINT (1929485993 5050119131),PL,Makroregion południowy,PL2
459,459,PL0 36,PL,17767639.0,51623132,POINT (17767639 51623132),PL,Makroregion północno-zachodni,PL4
460,460,PL0 37,PL,21034698.0,51317739,POINT (21034698 51317739),PL,Makroregion województwo mazowieckie,PL9
461,461,PL0 38,PL,153499605.0,509500565,POINT (153499605 509500565),PL,Makroregion południowo-zachodni,PL5
462,462,PL0 39,PL,16858521.0,5316571,POINT (16858521 5316571),PL,Makroregion północno-zachodni,PL4
463,463,PL0 4,PL,22567978.0,512261935,POINT (22567978 512261935),PL,Makroregion wschodni,PL8
464,464,PL0 40,PL,1851151103.0,5006329156,POINT (1851151103 5006329156),PL,Makroregion południowy,PL2
465,465,PL0 41,PL,16826935.0,50561432,POINT (16826935 50561432),PL,Makroregion południowo-zachodni,PL5
466,466,PL0 42,PL,2178268433.0,51464709,POINT (2178268433 51464709),PL,Makroregion województwo mazowieckie,PL9
467,467,PL0 43,PL,1611557.0,54132674,POINT (1611557 54132674),PL,Makroregion północno-zachodni,PL4
468,468,PL0 44,PL,15991974.0,515381355,POINT (15991974 515381355),PL,Makroregion południowo-zachodni,PL5
469,469,PL0 45,PL,2073617565.0,5221152022,POINT (2073617565 5221152022),PL,Makroregion województwo mazowieckie,PL9
470,470,PL0 46,PL,16890106.0,54510718,POINT (16890106 54510718),PL,Makroregion północny,PL6
471,471,PL0 5,PL,18930817.0,52694697,POINT (18930817 52694697),PL,Makroregion północny,PL6
472,472,PL0 6,PL,1894851689.0,5026209633,POINT (1894851689 5026209633),PL,Makroregion południowy,PL2
473,473,PL0 7,PL,18104095.0,54714309,POINT (18104095 54714309),PL,Makroregion północny,PL6
474,474,PL0 8,PL,220296475.0,50339803,POINT (220296475 50339803),PL,Makroregion wschodni,PL8
475,475,PL0 9,PL,1506820667.0,5272824267,POINT (1506820667 5272824267),PL,Makroregion północno-zachodni,PL4
476,476,SE3 0,SE,18009613.0,60117479,POINT (18009613 60117479),SE3,Östra Sverige,SE1
477,477,SE3 1,SE,2141304.0,655487335,POINT (2141304 655487335),SE1,Norra Sverige,SE3
478,478,SE3 10,SE,13057938.0,5576266,POINT (13057938 5576266),SE4,Södra Sverige,SE2
479,479,SE3 11,SE,15971375.0,59497394,POINT (15971375 59497394),SE3,Östra Sverige,SE1
480,480,SE3 12,SE,163977815.0,603785745,POINT (163977815 603785745),SE3,Norra Sverige,SE3
481,481,SE3 13,SE,160775299.0,626485039,POINT (160775299 626485039),SE2,Norra Sverige,SE3
482,482,SE3 14,SE,123024902.0,579009162,POINT (123024902 579009162),SE3,Södra Sverige,SE2
483,483,SE3 15,SE,129776.0,59337392,POINT (129776 59337392),SE3,Norra Sverige,SE3
484,484,SE3 16,SE,19029694.0,64440225,POINT (19029694 64440225),SE2,Norra Sverige,SE3
485,485,SE3 17,SE,153032685.0,60378758,POINT (153032685 60378758),SE3,Norra Sverige,SE3
486,486,SE3 18,SE,16659393.0,5743682,POINT (16659393 5743682),SE4,Södra Sverige,SE2
487,487,SE3 19,SE,1572138992.0,6550954663,POINT (1572138992 6550954663),SE2,Norra Sverige,SE3
488,488,SE3 2,SE,115821075.0,5883930476,POINT (115821075 5883930476),SE3,Södra Sverige,SE2
489,489,SE3 20,SE,15542908.0,56649432,POINT (15542908 56649432),SE4,Södra Sverige,SE2
490,490,SE3 21,SE,2008045757.0,6674278157,POINT (2008045757 6674278157),SE1,Norra Sverige,SE3
491,491,SE3 22,SE,15180359.0,5923032667,POINT (15180359 5923032667),SE3,Östra Sverige,SE1
492,492,SE3 23,SE,17273254.0,594696425,POINT (17273254 594696425),SE3,Östra Sverige,SE1
493,493,SE3 24,SE,1452026367.0,5785350133,POINT (1452026367 5785350133),SE3,Södra Sverige,SE2
494,494,SE3 25,SE,16871338.0,6355562978,POINT (16871338 6355562978),SE2,Norra Sverige,SE3
495,495,SE3 26,SE,18621826.0,59955492,POINT (18621826 59955492),SE3,Östra Sverige,SE1
496,496,SE3 27,SE,18242798.0,63401361,POINT (18242798 63401361),SE2,Norra Sverige,SE3
497,497,SE3 28,SE,13412933.0,5753868,POINT (13412933 5753868),SE3,Södra Sverige,SE2
498,498,SE3 29,SE,15935669.0,5862108633,POINT (15935669 5862108633),SE3,Östra Sverige,SE1
499,499,SE3 3,SE,1698662886.0,6309515686,POINT (1698662886 6309515686),SE2,Norra Sverige,SE3
500,500,SE3 30,SE,1440033.0,56809901,POINT (1440033 56809901),SE4,Södra Sverige,SE2
501,501,SE3 31,SE,170351258.0,624815808,POINT (170351258 624815808),SE2,Norra Sverige,SE3
502,502,SE3 32,SE,1611042025.0,616900245,POINT (1611042025 616900245),SE2,Norra Sverige,SE3
503,503,SE3 33,SE,165241245.0,595993345,POINT (165241245 595993345),SE3,Östra Sverige,SE1
504,504,SE3 34,SE,12984467.0,56160083,POINT (12984467 56160083),SE4,Södra Sverige,SE2
505,505,SE3 35,SE,23071289.0,65938074,POINT (23071289 65938074),SE1,Norra Sverige,SE3
506,506,SE3 36,SE,125183716.0,573831718,POINT (125183716 573831718),SE3,Södra Sverige,SE2
507,507,SE3 37,SE,170069734.0,607753292,POINT (170069734 607753292),SE3,Norra Sverige,SE3
508,508,SE3 38,SE,1574684117.0,6334457583,POINT (1574684117 6334457583),SE2,Norra Sverige,SE3
509,509,SE3 39,SE,16660767.0,58985406,POINT (16660767 58985406),SE3,Östra Sverige,SE1
510,510,SE3 4,SE,181796265.0,67551535,POINT (181796265 67551535),SE1,Norra Sverige,SE3
511,511,SE3 40,SE,13878479.0,5856109,POINT (13878479 5856109),SE3,Södra Sverige,SE2
512,512,SE3 41,SE,179530335.0,59271384,POINT (179530335 59271384),SE3,Östra Sverige,SE1
513,513,SE3 42,SE,13580475.0,5586067,POINT (13580475 5586067),SE4,Södra Sverige,SE2
514,514,SE3 43,SE,13548889.0,63340718,POINT (13548889 63340718),SE2,Norra Sverige,SE3
515,515,SE3 44,SE,17539673.0,64996778,POINT (17539673 64996778),SE2,Norra Sverige,SE3
516,516,SE3 5,SE,15194092.0,58284952,POINT (15194092 58284952),SE3,Östra Sverige,SE1
517,517,SE3 6,SE,147481155.0,62679472,POINT (147481155 62679472),SE2,Norra Sverige,SE3
518,518,SE3 7,SE,14797211.0,562501415,POINT (14797211 562501415),SE4,Södra Sverige,SE2
519,519,SE3 8,SE,19801483.0,6462200133,POINT (19801483 6462200133),SE2,Norra Sverige,SE3
520,520,SE3 9,SE,12566986.0,63361982,POINT (12566986 63361982),SE2,Norra Sverige,SE3
